{"cameraMode":{"drawMode":0,"name":"Shaded","section":"Shading Mode"},"sceneLighting":true,"audioPlay":false,"sceneViewState":{"m_AlwaysRefresh":false,"showFog":true,"showSkybox":true,"showFlares":true,"showImageEffects":true,"showParticleSystems":true,"showVisualEffectGraphs":true,"m_FxEnabled":true},"in2DMode":false,"pivot":{"x":0.4344688057899475,"y":-212.2994842529297,"z":177.40892028808595},"rotation":{"x":0.41287440061569216,"y":0.009574782103300095,"z":-0.004419005010277033,"w":0.9108023047447205},"size":151.25790405273438,"orthographic":false}