{"cameraMode":{"drawMode":0,"name":"Shaded","section":"Shading Mode"},"sceneLighting":true,"audioPlay":false,"sceneViewState":{"m_AlwaysRefresh":false,"showFog":true,"showSkybox":true,"showFlares":true,"showImageEffects":true,"showParticleSystems":true,"showVisualEffectGraphs":true,"m_FxEnabled":true},"in2DMode":false,"pivot":{"x":1.164311170578003,"y":0.237684965133667,"z":-2.912487030029297},"rotation":{"x":-0.13155566155910493,"y":0.030321547761559488,"z":-0.00402600085362792,"w":-0.9908390641212463},"size":20.621824264526368,"orthographic":false}