{"cameraMode":{"drawMode":0,"name":"Shaded","section":"Shading Mode"},"sceneLighting":true,"audioPlay":false,"sceneViewState":{"m_AlwaysRefresh":false,"showFog":true,"showSkybox":true,"showFlares":true,"showImageEffects":true,"showParticleSystems":true,"showVisualEffectGraphs":true,"m_FxEnabled":true},"in2DMode":false,"pivot":{"x":12.237900733947754,"y":2.538416624069214,"z":0.1984703689813614},"rotation":{"x":-0.14690934121608735,"y":-0.19205713272094727,"z":0.02879013493657112,"w":-0.9700284600257874},"size":4.650448799133301,"orthographic":false}